img_name,fx,fy,fz,x,y,z,x_shear,y_shear
square2_img_0.jpg,-0.001,0.001,-0.015,0.0,0.0,0.7,0,0
square2_img_1.jpg,-0.0,0.002,-0.006,0.0,0.0,0.7,0,0.2
square2_img_2.jpg,-0.001,0.001,-0.003,0.0,0.0,0.7,0,0.5
square2_img_3.jpg,-0.002,0.007,-0.011,0.0,0.0,0.7,0,0.8
square2_img_4.jpg,-0.004,0.025,-0.031,0.0,0.0,0.7,0,1.1
square2_img_5.jpg,-0.002,0.001,-0.007,0.0,0.0,0.7,0.2,0
square2_img_6.jpg,-0.002,0.001,-0.003,0.0,0.0,0.7,0.5,0
square2_img_7.jpg,-0.003,0.002,-0.001,0.0,0.0,0.7,0.8,0
square2_img_8.jpg,-0.002,0.002,-0.001,0.0,0.0,0.7,1.1,0
square2_img_9.jpg,0.002,0.017,-0.228,0.0,0.0,0.8,0,0
square2_img_10.jpg,-0.0,0.169,-0.233,0.0,0.0,0.8,0,0.2
square2_img_11.jpg,-0.004,0.183,-0.246,0.0,0.0,0.8,0,0.5
square2_img_12.jpg,-0.006,0.222,-0.291,0.0,0.0,0.8,0,0.8
square2_img_13.jpg,-0.009,0.286,-0.369,0.0,0.0,0.8,0,1.1
square2_img_14.jpg,0.152,0.009,-0.225,0.0,0.0,0.8,0.2,0
square2_img_15.jpg,0.134,0.003,-0.187,0.0,0.0,0.8,0.5,0
square2_img_16.jpg,0.113,0.001,-0.156,0.0,0.0,0.8,0.8,0
square2_img_17.jpg,0.091,0.001,-0.133,0.0,0.0,0.8,1.1,0
square2_img_18.jpg,0.006,0.068,-0.764,0.0,0.0,0.9,0,0
square2_img_19.jpg,0.006,0.444,-0.845,0.0,0.0,0.9,0,0.2
square2_img_20.jpg,0.009,0.746,-0.978,0.0,0.0,0.9,0,0.5
square2_img_21.jpg,0.005,0.894,-1.146,0.0,0.0,0.9,0,0.8
square2_img_22.jpg,-0.009,1.144,-1.422,0.0,0.0,0.9,0,1.1
square2_img_23.jpg,0.353,0.076,-0.756,0.0,0.0,0.9,0.2,0
square2_img_24.jpg,0.504,0.049,-0.703,0.0,0.0,0.9,0.5,0
square2_img_25.jpg,0.456,0.029,-0.62,0.0,0.0,0.9,0.8,0
square2_img_26.jpg,0.403,0.014,-0.563,0.0,0.0,0.9,1.1,0
square2_img_27.jpg,-0.003,0.157,-1.675,0.0,0.0,1.0,0,0
square2_img_28.jpg,-0.003,0.688,-1.808,0.0,0.0,1.0,0,0.2
square2_img_29.jpg,0.007,1.433,-2.135,0.0,0.0,1.0,0,0.5
square2_img_30.jpg,0.042,2.09,-2.544,0.0,0.0,1.0,0,0.8
square2_img_31.jpg,0.01,2.4,-2.992,0.0,0.0,1.0,0,1.1
square2_img_32.jpg,0.383,0.188,-1.617,0.0,0.0,1.0,0.2,0
square2_img_33.jpg,0.886,0.188,-1.557,0.0,0.0,1.0,0.5,0
square2_img_34.jpg,1.12,0.168,-1.486,0.0,0.0,1.0,0.8,0
square2_img_35.jpg,1.015,0.103,-1.373,0.0,0.0,1.0,1.1,0
square2_img_36.jpg,-0.018,0.277,-2.723,0.0,0.0,1.1,0,0
square2_img_37.jpg,-0.012,0.87,-2.858,0.0,0.0,1.1,0,0.2
square2_img_38.jpg,0.007,1.717,-3.209,0.0,0.0,1.1,0,0.5
square2_img_39.jpg,0.047,2.531,-3.699,0.0,0.0,1.1,0,0.8
square2_img_40.jpg,0.038,3.295,-4.323,0.0,0.0,1.1,0,1.1
square2_img_41.jpg,0.377,0.319,-2.611,0.0,0.0,1.1,0.2,0
square2_img_42.jpg,0.922,0.327,-2.523,0.0,0.0,1.1,0.5,0
square2_img_43.jpg,1.427,0.338,-2.447,0.0,0.0,1.1,0.8,0
square2_img_44.jpg,1.751,0.32,-2.343,0.0,0.0,1.1,1.1,0
square2_img_45.jpg,-0.033,0.427,-3.809,0.0,0.0,1.2,0,0
square2_img_46.jpg,-0.011,1.043,-3.931,0.0,0.0,1.2,0,0.2
square2_img_47.jpg,0.003,1.951,-4.302,0.0,0.0,1.2,0,0.5
square2_img_48.jpg,0.038,2.841,-4.817,0.0,0.0,1.2,0,0.8
square2_img_49.jpg,0.035,3.754,-5.556,0.0,0.0,1.2,0,1.1
square2_img_50.jpg,0.373,0.455,-3.639,0.0,0.0,1.2,0.2,0
square2_img_51.jpg,0.954,0.462,-3.525,0.0,0.0,1.2,0.5,0
square2_img_52.jpg,1.487,0.472,-3.428,0.0,0.0,1.2,0.8,0
square2_img_53.jpg,1.936,0.477,-3.32,0.0,0.0,1.2,1.1,0
square2_img_54.jpg,-0.049,0.566,-4.922,0.0,0.0,1.3,0,0
square2_img_55.jpg,-0.018,1.205,-5.059,0.0,0.0,1.3,0,0.2
square2_img_56.jpg,-0.01,2.169,-5.447,0.0,0.0,1.3,0,0.5
square2_img_57.jpg,0.013,3.119,-5.996,0.0,0.0,1.3,0,0.8
square2_img_58.jpg,0.009,4.144,-6.779,0.0,0.0,1.3,0,1.1
square2_img_59.jpg,0.374,0.588,-4.713,0.0,0.0,1.3,0.2,0
square2_img_60.jpg,0.984,0.596,-4.569,0.0,0.0,1.3,0.5,0
square2_img_61.jpg,1.53,0.609,-4.44,0.0,0.0,1.3,0.8,0
square2_img_62.jpg,2.016,0.616,-4.326,0.0,0.0,1.3,1.1,0
square2_img_63.jpg,0.021,0.008,-0.168,0.0,4.0,0.7,0,0
square2_img_64.jpg,0.016,0.184,-0.182,0.0,4.0,0.7,0,0.2
square2_img_65.jpg,0.01,0.213,-0.203,0.0,4.0,0.7,0,0.5
square2_img_66.jpg,0.006,0.234,-0.211,0.0,4.0,0.7,0,0.8
square2_img_67.jpg,0.004,0.254,-0.229,0.0,4.0,0.7,0,1.1
square2_img_68.jpg,0.172,0.008,-0.178,0.0,4.0,0.7,0.2,0
square2_img_69.jpg,0.146,0.004,-0.141,0.0,4.0,0.7,0.5,0
square2_img_70.jpg,0.11,0.003,-0.107,0.0,4.0,0.7,0.8,0
square2_img_71.jpg,0.082,0.0,-0.083,0.0,4.0,0.7,1.1,0
square2_img_72.jpg,0.026,0.048,-0.723,0.0,4.0,0.8,0,0
square2_img_73.jpg,0.032,0.451,-0.827,0.0,4.0,0.8,0,0.2
square2_img_74.jpg,0.035,0.872,-1.026,0.0,4.0,0.8,0,0.5
square2_img_75.jpg,0.025,1.092,-1.19,0.0,4.0,0.8,0,0.8
square2_img_76.jpg,0.027,1.297,-1.402,0.0,4.0,0.8,0,1.1
square2_img_77.jpg,0.391,0.074,-0.773,0.0,4.0,0.8,0.2,0
square2_img_78.jpg,0.69,0.064,-0.776,0.0,4.0,0.8,0.5,0
square2_img_79.jpg,0.657,0.038,-0.692,0.0,4.0,0.8,0.8,0
square2_img_80.jpg,0.571,0.025,-0.608,0.0,4.0,0.8,1.1,0
square2_img_81.jpg,0.043,0.149,-1.886,0.0,4.0,0.9,0,0
square2_img_82.jpg,0.048,0.786,-2.13,0.0,4.0,0.9,0,0.2
square2_img_83.jpg,0.096,1.666,-2.614,0.0,4.0,0.9,0,0.5
square2_img_84.jpg,0.166,2.514,-3.206,0.0,4.0,0.9,0,0.8
square2_img_85.jpg,0.222,3.43,-3.941,0.0,4.0,0.9,0,1.1
square2_img_86.jpg,0.476,0.219,-1.87,0.0,4.0,0.9,0.2,0
square2_img_87.jpg,1.034,0.253,-1.927,0.0,4.0,0.9,0.5,0
square2_img_88.jpg,1.463,0.272,-1.983,0.0,4.0,0.9,0.8,0
square2_img_89.jpg,1.55,0.191,-1.875,0.0,4.0,0.9,1.1,0
square2_img_90.jpg,0.059,0.324,-3.429,0.0,4.0,1.0,0,0
square2_img_91.jpg,0.077,1.047,-3.662,0.0,4.0,1.0,0,0.2
square2_img_92.jpg,0.126,2.147,-4.194,0.0,4.0,1.0,0,0.5
square2_img_93.jpg,0.183,3.194,-4.915,0.0,4.0,1.0,0,0.8
square2_img_94.jpg,0.245,4.204,-5.739,0.0,4.0,1.0,0,1.1
square2_img_95.jpg,0.493,0.397,-3.29,0.0,4.0,1.0,0.2,0
square2_img_96.jpg,1.116,0.423,-3.268,0.0,4.0,1.0,0.5,0
square2_img_97.jpg,1.723,0.469,-3.299,0.0,4.0,1.0,0.8,0
square2_img_98.jpg,2.286,0.477,-3.235,0.0,4.0,1.0,1.1,0
square2_img_99.jpg,0.066,0.509,-5.196,0.0,4.0,1.1,0,0
square2_img_100.jpg,0.092,1.287,-5.438,0.0,4.0,1.1,0,0.2
square2_img_101.jpg,0.123,2.505,-5.977,0.0,4.0,1.1,0,0.5
square2_img_102.jpg,0.168,3.672,-6.695,0.0,4.0,1.1,0,0.8
square2_img_103.jpg,0.196,4.726,-7.579,0.0,4.0,1.1,0,1.1
square2_img_104.jpg,0.514,0.566,-4.958,0.0,4.0,1.1,0.2,0
square2_img_105.jpg,1.183,0.6,-4.888,0.0,4.0,1.1,0.5,0
square2_img_106.jpg,1.815,0.648,-4.875,0.0,4.0,1.1,0.8,0
square2_img_107.jpg,2.496,0.663,-4.784,0.0,4.0,1.1,1.1,0
square2_img_108.jpg,0.058,0.692,-7.048,0.0,4.0,1.2,0,0
square2_img_109.jpg,0.089,1.501,-7.299,0.0,4.0,1.2,0,0.2
square2_img_110.jpg,0.116,2.815,-7.847,0.0,4.0,1.2,0,0.5
square2_img_111.jpg,0.138,4.069,-8.522,0.0,4.0,1.2,0,0.8
square2_img_112.jpg,0.144,5.19,-9.373,0.0,4.0,1.2,0,1.1
square2_img_113.jpg,0.52,0.735,-6.741,0.0,4.0,1.2,0.2,0
square2_img_114.jpg,1.229,0.773,-6.604,0.0,4.0,1.2,0.5,0
square2_img_115.jpg,1.881,0.825,-6.551,0.0,4.0,1.2,0.8,0
square2_img_116.jpg,2.578,0.848,-6.426,0.0,4.0,1.2,1.1,0
square2_img_117.jpg,0.019,0.859,-8.836,0.0,4.0,1.3,0,0
square2_img_118.jpg,0.055,1.698,-9.07,0.0,4.0,1.3,0,0.2
square2_img_119.jpg,0.069,3.069,-9.629,0.0,4.0,1.3,0,0.5
square2_img_120.jpg,0.093,4.403,-10.275,0.0,4.0,1.3,0,0.8
square2_img_121.jpg,0.089,5.609,-11.076,0.0,4.0,1.3,0,1.1
square2_img_122.jpg,0.504,0.907,-8.476,0.0,4.0,1.3,0.2,0
square2_img_123.jpg,1.266,0.947,-8.262,0.0,4.0,1.3,0.5,0
square2_img_124.jpg,1.93,0.995,-8.168,0.0,4.0,1.3,0.8,0
square2_img_125.jpg,2.627,1.02,-8.047,0.0,4.0,1.3,1.1,0
square2_img_126.jpg,0.024,0.011,-0.265,0.0,8.0,0.7,0,0
square2_img_127.jpg,0.027,0.253,-0.283,0.0,8.0,0.7,0,0.2
square2_img_128.jpg,0.016,0.333,-0.319,0.0,8.0,0.7,0,0.5
square2_img_129.jpg,0.013,0.401,-0.373,0.0,8.0,0.7,0,0.8
square2_img_130.jpg,0.012,0.476,-0.45,0.0,8.0,0.7,0,1.1
square2_img_131.jpg,0.271,0.026,-0.299,0.0,8.0,0.7,0.2,0
square2_img_132.jpg,0.258,0.013,-0.249,0.0,8.0,0.7,0.5,0
square2_img_133.jpg,0.201,0.008,-0.194,0.0,8.0,0.7,0.8,0
square2_img_134.jpg,0.153,0.007,-0.154,0.0,8.0,0.7,1.1,0
square2_img_135.jpg,0.058,0.058,-1.118,0.0,8.0,0.8,0,0
square2_img_136.jpg,0.064,0.51,-1.219,0.0,8.0,0.8,0,0.2
square2_img_137.jpg,0.103,1.154,-1.63,0.0,8.0,0.8,0,0.5
square2_img_138.jpg,0.211,1.941,-2.258,0.0,8.0,0.8,0,0.8
square2_img_139.jpg,0.285,2.613,-2.738,0.0,8.0,0.8,0,1.1
square2_img_140.jpg,0.481,0.129,-1.219,0.0,8.0,0.8,0.2,0
square2_img_141.jpg,0.985,0.16,-1.37,0.0,8.0,0.8,0.5,0
square2_img_142.jpg,1.352,0.183,-1.476,0.0,8.0,0.8,0.8,0
square2_img_143.jpg,1.277,0.119,-1.361,0.0,8.0,0.8,1.1,0
square2_img_144.jpg,0.132,0.203,-2.788,0.0,8.0,0.9,0,0
square2_img_145.jpg,0.159,0.836,-2.998,0.0,8.0,0.9,0,0.2
square2_img_146.jpg,0.232,1.885,-3.65,0.0,8.0,0.9,0,0.5
square2_img_147.jpg,0.375,3.044,-4.392,0.0,8.0,0.9,0,0.8
square2_img_148.jpg,0.526,4.205,-5.17,0.0,8.0,0.9,0,1.1
square2_img_149.jpg,0.586,0.304,-2.785,0.0,8.0,0.9,0.2,0
square2_img_150.jpg,1.244,0.368,-2.933,0.0,8.0,0.9,0.5,0
square2_img_151.jpg,1.908,0.443,-3.097,0.0,8.0,0.9,0.8,0
square2_img_152.jpg,2.415,0.453,-3.131,0.0,8.0,0.9,1.1,0
square2_img_153.jpg,0.19,0.38,-4.804,0.0,8.0,1.0,0,0
square2_img_154.jpg,0.218,1.112,-5.009,0.0,8.0,1.0,0,0.2
square2_img_155.jpg,0.286,2.364,-5.702,0.0,8.0,1.0,0,0.5
square2_img_156.jpg,0.398,3.669,-6.639,0.0,8.0,1.0,0,0.8
square2_img_157.jpg,0.555,5.028,-7.544,0.0,8.0,1.0,0,1.1
square2_img_158.jpg,0.648,0.481,-4.629,0.0,8.0,1.0,0.2,0
square2_img_159.jpg,1.353,0.539,-4.703,0.0,8.0,1.0,0.5,0
square2_img_160.jpg,2.108,0.624,-4.817,0.0,8.0,1.0,0.8,0
square2_img_161.jpg,2.854,0.687,-4.846,0.0,8.0,1.0,1.1,0
square2_img_162.jpg,0.207,0.585,-7.315,0.0,8.0,1.1,0,0
square2_img_163.jpg,0.247,1.388,-7.474,0.0,8.0,1.1,0,0.2
square2_img_164.jpg,0.291,2.777,-8.144,0.0,8.0,1.1,0,0.5
square2_img_165.jpg,0.352,4.14,-9.108,0.0,8.0,1.1,0,0.8
square2_img_166.jpg,0.49,5.604,-10.023,0.0,8.0,1.1,0,1.1
square2_img_167.jpg,0.687,0.678,-7.006,0.0,8.0,1.1,0.2,0
square2_img_168.jpg,1.444,0.733,-6.987,0.0,8.0,1.1,0.5,0
square2_img_169.jpg,2.232,0.823,-7.032,0.0,8.0,1.1,0.8,0
square2_img_170.jpg,3.062,0.899,-7.015,0.0,8.0,1.1,1.1,0
square2_img_171.jpg,0.188,0.778,-9.798,0.0,8.0,1.2,0,0
square2_img_172.jpg,0.237,1.619,-9.943,0.0,8.0,1.2,0,0.2
square2_img_173.jpg,0.267,3.104,-10.577,0.0,8.0,1.2,0,0.5
square2_img_174.jpg,0.307,4.547,-11.506,0.0,8.0,1.2,0,0.8
square2_img_175.jpg,0.403,6.049,-12.444,0.0,8.0,1.2,0,1.1
square2_img_176.jpg,0.69,0.867,-9.397,0.0,8.0,1.2,0.2,0
square2_img_177.jpg,1.514,0.924,-9.287,0.0,8.0,1.2,0.5,0
square2_img_178.jpg,2.307,1.01,-9.29,0.0,8.0,1.2,0.8,0
square2_img_179.jpg,3.173,1.089,-9.212,0.0,8.0,1.2,1.1,0
square2_img_180.jpg,0.146,0.966,-12.278,0.0,8.0,1.3,0,0
square2_img_181.jpg,0.197,1.831,-12.392,0.0,8.0,1.3,0,0.2
square2_img_182.jpg,0.221,3.39,-13.01,0.0,8.0,1.3,0,0.5
square2_img_183.jpg,0.262,4.91,-13.849,0.0,8.0,1.3,0,0.8
square2_img_184.jpg,0.312,6.429,-14.868,0.0,8.0,1.3,0,1.1
square2_img_185.jpg,0.67,1.048,-11.788,0.0,8.0,1.3,0.2,0
square2_img_186.jpg,1.566,1.107,-11.565,0.0,8.0,1.3,0.5,0
square2_img_187.jpg,2.358,1.193,-11.526,0.0,8.0,1.3,0.8,0
square2_img_188.jpg,3.238,1.257,-11.404,0.0,8.0,1.3,1.1,0
square2_img_189.jpg,0.043,0.014,-0.395,0.0,12.0,0.7,0,0
square2_img_190.jpg,0.061,0.371,-0.462,0.0,12.0,0.7,0,0.2
square2_img_191.jpg,0.048,0.56,-0.541,0.0,12.0,0.7,0,0.5
square2_img_192.jpg,0.033,0.66,-0.627,0.0,12.0,0.7,0,0.8
square2_img_193.jpg,0.025,0.761,-0.713,0.0,12.0,0.7,0,1.1
square2_img_194.jpg,0.373,0.039,-0.498,0.0,12.0,0.7,0.2,0
square2_img_195.jpg,0.473,0.033,-0.462,0.0,12.0,0.7,0.5,0
square2_img_196.jpg,0.387,0.015,-0.357,0.0,12.0,0.7,0.8,0
square2_img_197.jpg,0.272,0.005,-0.259,0.0,12.0,0.7,1.1,0
square2_img_198.jpg,0.108,0.074,-1.584,0.0,12.0,0.8,0,0
square2_img_199.jpg,0.133,0.683,-1.813,0.0,12.0,0.8,0,0.2
square2_img_200.jpg,0.243,1.576,-2.357,0.0,12.0,0.8,0,0.5
square2_img_201.jpg,0.385,2.448,-2.77,0.0,12.0,0.8,0,0.8
square2_img_202.jpg,0.454,3.113,-3.18,0.0,12.0,0.8,0,1.1
square2_img_203.jpg,0.576,0.179,-1.724,0.0,12.0,0.8,0.2,0
square2_img_204.jpg,1.207,0.257,-2.007,0.0,12.0,0.8,0.5,0
square2_img_205.jpg,1.72,0.316,-2.209,0.0,12.0,0.8,0.8,0
square2_img_206.jpg,2.057,0.331,-2.281,0.0,12.0,0.8,1.1,0
square2_img_207.jpg,0.231,0.233,-3.717,0.0,12.0,0.9,0,0
square2_img_208.jpg,0.285,0.981,-3.973,0.0,12.0,0.9,0,0.2
square2_img_209.jpg,0.423,2.249,-4.548,0.0,12.0,0.9,0,0.5
square2_img_210.jpg,0.664,3.637,-5.182,0.0,12.0,0.9,0,0.8
square2_img_211.jpg,0.836,4.878,-5.976,0.0,12.0,0.9,0,1.1
square2_img_212.jpg,0.703,0.339,-3.661,0.0,12.0,0.9,0.2,0
square2_img_213.jpg,1.485,0.439,-3.932,0.0,12.0,0.9,0.5,0
square2_img_214.jpg,2.26,0.592,-4.223,0.0,12.0,0.9,0.8,0
square2_img_215.jpg,3.05,0.665,-4.313,0.0,12.0,0.9,1.1,0
square2_img_216.jpg,0.322,0.393,-6.337,0.0,12.0,1.0,0,0
square2_img_217.jpg,0.378,1.271,-6.587,0.0,12.0,1.0,0,0.2
square2_img_218.jpg,0.476,2.737,-7.265,0.0,12.0,1.0,0,0.5
square2_img_219.jpg,0.704,4.358,-7.968,0.0,12.0,1.0,0,0.8
square2_img_220.jpg,0.897,5.783,-8.803,0.0,12.0,1.0,0,1.1
square2_img_221.jpg,0.794,0.513,-6.056,0.0,12.0,1.0,0.2,0
square2_img_222.jpg,1.63,0.605,-6.209,0.0,12.0,1.0,0.5,0
square2_img_223.jpg,2.496,0.762,-6.496,0.0,12.0,1.0,0.8,0
square2_img_224.jpg,3.452,0.893,-6.692,0.0,12.0,1.0,1.1,0
square2_img_225.jpg,0.36,0.574,-9.408,0.0,12.0,1.1,0,0
square2_img_226.jpg,0.42,1.564,-9.64,0.0,12.0,1.1,0,0.2
square2_img_227.jpg,0.472,3.135,-10.285,0.0,12.0,1.1,0,0.5
square2_img_228.jpg,0.649,4.852,-10.941,0.0,12.0,1.1,0,0.8
square2_img_229.jpg,0.832,6.386,-11.722,0.0,12.0,1.1,0,1.1
square2_img_230.jpg,0.849,0.694,-9.018,0.0,12.0,1.1,0.2,0
square2_img_231.jpg,1.748,0.78,-9.057,0.0,12.0,1.1,0.5,0
square2_img_232.jpg,2.661,0.919,-9.227,0.0,12.0,1.1,0.8,0
square2_img_233.jpg,3.653,1.056,-9.386,0.0,12.0,1.1,1.1,0
square2_img_234.jpg,0.343,0.755,-12.604,0.0,12.0,1.2,0,0
square2_img_235.jpg,0.414,1.806,-12.763,0.0,12.0,1.2,0,0.2
square2_img_236.jpg,0.459,3.487,-13.345,0.0,12.0,1.2,0,0.5
square2_img_237.jpg,0.585,5.242,-13.974,0.0,12.0,1.2,0,0.8
square2_img_238.jpg,0.739,6.856,-14.713,0.0,12.0,1.2,0,1.1
square2_img_239.jpg,0.858,0.86,-12.041,0.0,12.0,1.2,0.2,0
square2_img_240.jpg,1.832,0.943,-11.951,0.0,12.0,1.2,0.5,0
square2_img_241.jpg,2.793,1.07,-12.042,0.0,12.0,1.2,0.8,0
square2_img_242.jpg,3.804,1.191,-12.139,0.0,12.0,1.2,1.1,0
square2_img_243.jpg,0.289,0.933,-15.707,0.0,12.0,1.3,0,0
square2_img_244.jpg,0.365,2.065,-15.862,0.0,12.0,1.3,0,0.2
square2_img_245.jpg,0.413,3.835,-16.379,0.0,12.0,1.3,0,0.5
square2_img_246.jpg,0.508,5.608,-16.986,0.0,12.0,1.3,0,0.8
square2_img_247.jpg,0.636,7.291,-17.666,0.0,12.0,1.3,0,1.1
square2_img_248.jpg,0.837,1.008,-15.043,0.0,12.0,1.3,0.2,0
square2_img_249.jpg,1.905,1.097,-14.824,0.0,12.0,1.3,0.5,0
square2_img_250.jpg,2.899,1.217,-14.84,0.0,12.0,1.3,0.8,0
square2_img_251.jpg,3.932,1.328,-14.841,0.0,12.0,1.3,1.1,0
square2_img_252.jpg,0.059,0.01,-0.509,0.0,16.0,0.7,0,0
square2_img_253.jpg,0.084,0.398,-0.552,0.0,16.0,0.7,0,0.2
square2_img_254.jpg,0.078,0.661,-0.651,0.0,16.0,0.7,0,0.5
square2_img_255.jpg,0.028,0.706,-0.653,0.0,16.0,0.7,0,0.8
square2_img_256.jpg,-0.007,0.674,-0.587,0.0,16.0,0.7,0,1.1
square2_img_257.jpg,0.445,0.047,-0.649,0.0,16.0,0.7,0.2,0
square2_img_258.jpg,0.674,0.053,-0.691,0.0,16.0,0.7,0.5,0
square2_img_259.jpg,0.604,0.024,-0.583,0.0,16.0,0.7,0.8,0
square2_img_260.jpg,0.469,0.008,-0.445,0.0,16.0,0.7,1.1,0
square2_img_261.jpg,0.163,0.069,-1.961,0.0,16.0,0.8,0,0
square2_img_262.jpg,0.209,0.714,-2.174,0.0,16.0,0.8,0,0.2
square2_img_263.jpg,0.394,1.836,-2.62,0.0,16.0,0.8,0,0.5
square2_img_264.jpg,0.524,2.783,-2.924,0.0,16.0,0.8,0,0.8
square2_img_265.jpg,0.506,3.095,-3.06,0.0,16.0,0.8,0,1.1
square2_img_266.jpg,0.656,0.184,-2.131,0.0,16.0,0.8,0.2,0
square2_img_267.jpg,1.444,0.318,-2.518,0.0,16.0,0.8,0.5,0
square2_img_268.jpg,2.154,0.442,-2.964,0.0,16.0,0.8,0.8,0
square2_img_269.jpg,2.801,0.535,-3.252,0.0,16.0,0.8,1.1,0
square2_img_270.jpg,0.327,0.189,-4.282,0.0,16.0,0.9,0,0
square2_img_271.jpg,0.398,0.974,-4.449,0.0,16.0,0.9,0,0.2
square2_img_272.jpg,0.603,2.436,-4.899,0.0,16.0,0.9,0,0.5
square2_img_273.jpg,0.875,3.901,-5.373,0.0,16.0,0.9,0,0.8
square2_img_274.jpg,1.038,5.097,-5.923,0.0,16.0,0.9,0,1.1
square2_img_275.jpg,0.787,0.334,-4.188,0.0,16.0,0.9,0.2,0
square2_img_276.jpg,1.685,0.474,-4.554,0.0,16.0,0.9,0.5,0
square2_img_277.jpg,2.534,0.662,-5.076,0.0,16.0,0.9,0.8,0
square2_img_278.jpg,3.538,0.811,-5.382,0.0,16.0,0.9,1.1,0
square2_img_279.jpg,0.438,0.329,-7.364,0.0,16.0,1.0,0,0
square2_img_280.jpg,0.504,1.247,-7.505,0.0,16.0,1.0,0,0.2
square2_img_281.jpg,0.672,2.942,-7.956,0.0,16.0,1.0,0,0.5
square2_img_282.jpg,0.94,4.672,-8.442,0.0,16.0,1.0,0,0.8
square2_img_283.jpg,1.146,6.103,-8.968,0.0,16.0,1.0,0,1.1
square2_img_284.jpg,0.904,0.497,-7.05,0.0,16.0,1.0,0.2,0
square2_img_285.jpg,1.882,0.609,-7.299,0.0,16.0,1.0,0.5,0
square2_img_286.jpg,2.818,0.797,-7.765,0.0,16.0,1.0,0.8,0
square2_img_287.jpg,3.885,0.966,-8.094,0.0,16.0,1.0,1.1,0
square2_img_288.jpg,0.484,0.475,-10.852,0.0,16.0,1.1,0,0
square2_img_289.jpg,0.548,1.484,-10.933,0.0,16.0,1.1,0,0.2
square2_img_290.jpg,0.692,3.274,-11.345,0.0,16.0,1.1,0,0.5
square2_img_291.jpg,0.907,5.134,-11.723,0.0,16.0,1.1,0,0.8
square2_img_292.jpg,1.098,6.689,-12.089,0.0,16.0,1.1,0,1.1
square2_img_293.jpg,0.966,0.664,-10.367,0.0,16.0,1.1,0.2,0
square2_img_294.jpg,2.033,0.757,-10.436,0.0,16.0,1.1,0.5,0
square2_img_295.jpg,3.055,0.938,-10.753,0.0,16.0,1.1,0.8,0
square2_img_296.jpg,4.094,1.107,-11.096,0.0,16.0,1.1,1.1,0
square2_img_297.jpg,0.465,0.625,-14.504,0.0,16.0,1.2,0,0
square2_img_298.jpg,0.544,1.695,-14.504,0.0,16.0,1.2,0,0.2
square2_img_299.jpg,0.651,3.545,-14.846,0.0,16.0,1.2,0,0.5
square2_img_300.jpg,0.834,5.494,-15.141,0.0,16.0,1.2,0,0.8
square2_img_301.jpg,1.0,7.127,-15.395,0.0,16.0,1.2,0,1.1
square2_img_302.jpg,0.99,0.811,-13.891,0.0,16.0,1.2,0.2,0
square2_img_303.jpg,2.136,0.904,-13.813,0.0,16.0,1.2,0.5,0
square2_img_304.jpg,3.237,1.063,-13.967,0.0,16.0,1.2,0.8,0
square2_img_305.jpg,4.284,1.223,-14.245,0.0,16.0,1.2,1.1,0
square2_img_306.jpg,0.409,0.756,-18.012,0.0,16.0,1.3,0,0
square2_img_307.jpg,0.5,1.867,-17.974,0.0,16.0,1.3,0,0.2
square2_img_308.jpg,0.59,3.789,-18.273,0.0,16.0,1.3,0,0.5
square2_img_309.jpg,0.756,5.795,-18.519,0.0,16.0,1.3,0,0.8
square2_img_310.jpg,0.897,7.49,-18.658,0.0,16.0,1.3,0,1.1
square2_img_311.jpg,0.976,0.932,-17.287,0.0,16.0,1.3,0.2,0
square2_img_312.jpg,2.189,1.031,-17.044,0.0,16.0,1.3,0.5,0
square2_img_313.jpg,3.35,1.187,-17.088,0.0,16.0,1.3,0.8,0
square2_img_314.jpg,4.427,1.348,-17.303,0.0,16.0,1.3,1.1,0
square2_img_315.jpg,0.055,0.008,-0.382,0.0,20.0,0.7,0,0
square2_img_316.jpg,0.085,0.362,-0.442,0.0,20.0,0.7,0,0.2
square2_img_317.jpg,0.082,0.585,-0.549,0.0,20.0,0.7,0,0.5
square2_img_318.jpg,0.054,0.662,-0.596,0.0,20.0,0.7,0,0.8
square2_img_319.jpg,0.031,0.718,-0.626,0.0,20.0,0.7,0,1.1
square2_img_320.jpg,0.398,0.051,-0.515,0.0,20.0,0.7,0.2,0
square2_img_321.jpg,0.551,0.045,-0.526,0.0,20.0,0.7,0.5,0
square2_img_322.jpg,0.472,0.017,-0.42,0.0,20.0,0.7,0.8,0
square2_img_323.jpg,0.355,0.005,-0.306,0.0,20.0,0.7,1.1,0
square2_img_324.jpg,0.162,0.086,-1.795,0.0,20.0,0.8,0,0
square2_img_325.jpg,0.212,0.705,-2.029,0.0,20.0,0.8,0,0.2
square2_img_326.jpg,0.431,1.819,-2.486,0.0,20.0,0.8,0,0.5
square2_img_327.jpg,0.543,2.678,-2.828,0.0,20.0,0.8,0,0.8
square2_img_328.jpg,0.539,3.07,-3.08,0.0,20.0,0.8,0,1.1
square2_img_329.jpg,0.622,0.207,-1.984,0.0,20.0,0.8,0.2,0
square2_img_330.jpg,1.377,0.356,-2.402,0.0,20.0,0.8,0.5,0
square2_img_331.jpg,2.087,0.518,-2.887,0.0,20.0,0.8,0.8,0
square2_img_332.jpg,2.737,0.601,-3.15,0.0,20.0,0.8,1.1,0
square2_img_333.jpg,0.362,0.191,-4.04,0.0,20.0,0.9,0,0
square2_img_334.jpg,0.435,0.963,-4.235,0.0,20.0,0.9,0,0.2
square2_img_335.jpg,0.662,2.397,-4.657,0.0,20.0,0.9,0,0.5
square2_img_336.jpg,0.932,3.782,-5.126,0.0,20.0,0.9,0,0.8
square2_img_337.jpg,1.116,4.972,-5.793,0.0,20.0,0.9,0,1.1
square2_img_338.jpg,0.781,0.346,-3.987,0.0,20.0,0.9,0.2,0
square2_img_339.jpg,1.633,0.504,-4.388,0.0,20.0,0.9,0.5,0
square2_img_340.jpg,2.465,0.71,-4.94,0.0,20.0,0.9,0.8,0
square2_img_341.jpg,3.483,0.868,-5.253,0.0,20.0,0.9,1.1,0
square2_img_342.jpg,0.503,0.316,-6.96,0.0,20.0,1.0,0,0
square2_img_343.jpg,0.571,1.213,-7.118,0.0,20.0,1.0,0,0.2
square2_img_344.jpg,0.772,2.861,-7.604,0.0,20.0,1.0,0,0.5
square2_img_345.jpg,1.042,4.53,-8.113,0.0,20.0,1.0,0,0.8
square2_img_346.jpg,1.285,5.994,-8.796,0.0,20.0,1.0,0,1.1
square2_img_347.jpg,0.922,0.49,-6.667,0.0,20.0,1.0,0.2,0
square2_img_348.jpg,1.869,0.616,-6.999,0.0,20.0,1.0,0.5,0
square2_img_349.jpg,2.774,0.824,-7.54,0.0,20.0,1.0,0.8,0
square2_img_350.jpg,3.83,0.999,-7.896,0.0,20.0,1.0,1.1,0
square2_img_351.jpg,0.579,0.444,-10.374,0.0,20.0,1.1,0,0
square2_img_352.jpg,0.643,1.441,-10.49,0.0,20.0,1.1,0,0.2
square2_img_353.jpg,0.802,3.193,-10.947,0.0,20.0,1.1,0,0.5
square2_img_354.jpg,1.029,4.996,-11.388,0.0,20.0,1.1,0,0.8
square2_img_355.jpg,1.26,6.578,-11.93,0.0,20.0,1.1,0,1.1
square2_img_356.jpg,0.994,0.637,-9.924,0.0,20.0,1.1,0.2,0
square2_img_357.jpg,2.036,0.745,-10.08,0.0,20.0,1.1,0.5,0
square2_img_358.jpg,3.023,0.936,-10.476,0.0,20.0,1.1,0.8,0
square2_img_359.jpg,4.056,1.12,-10.859,0.0,20.0,1.1,1.1,0
square2_img_360.jpg,0.583,0.568,-14.003,0.0,20.0,1.2,0,0
square2_img_361.jpg,0.653,1.63,-14.036,0.0,20.0,1.2,0,0.2
square2_img_362.jpg,0.784,3.434,-14.448,0.0,20.0,1.2,0,0.5
square2_img_363.jpg,0.984,5.337,-14.817,0.0,20.0,1.2,0,0.8
square2_img_364.jpg,1.18,6.983,-15.235,0.0,20.0,1.2,0,1.1
square2_img_365.jpg,1.036,0.773,-13.424,0.0,20.0,1.2,0.2,0
square2_img_366.jpg,2.162,0.872,-13.416,0.0,20.0,1.2,0.5,0
square2_img_367.jpg,3.235,1.053,-13.643,0.0,20.0,1.2,0.8,0
square2_img_368.jpg,4.245,1.227,-14.005,0.0,20.0,1.2,1.1,0
square2_img_369.jpg,0.528,0.694,-17.49,0.0,20.0,1.3,0,0
square2_img_370.jpg,0.617,1.797,-17.487,0.0,20.0,1.3,0,0.2
square2_img_371.jpg,0.725,3.66,-17.854,0.0,20.0,1.3,0,0.5
square2_img_372.jpg,0.907,5.618,-18.178,0.0,20.0,1.3,0,0.8
square2_img_373.jpg,1.078,7.329,-18.506,0.0,20.0,1.3,0,1.1
square2_img_374.jpg,1.007,0.886,-16.784,0.0,20.0,1.3,0.2,0
square2_img_375.jpg,2.204,0.989,-16.611,0.0,20.0,1.3,0.5,0
square2_img_376.jpg,3.372,1.158,-16.708,0.0,20.0,1.3,0.8,0
square2_img_377.jpg,4.413,1.328,-16.979,0.0,20.0,1.3,1.1,0
square2_img_378.jpg,0.053,0.004,-0.346,0.0,24.0,0.7,0,0
square2_img_379.jpg,0.084,0.321,-0.371,0.0,24.0,0.7,0,0.2
square2_img_380.jpg,0.06,0.44,-0.376,0.0,24.0,0.7,0,0.5
square2_img_381.jpg,0.028,0.457,-0.376,0.0,24.0,0.7,0,0.8
square2_img_382.jpg,0.013,0.465,-0.374,0.0,24.0,0.7,0,1.1
square2_img_383.jpg,0.374,0.041,-0.475,0.0,24.0,0.7,0.2,0
square2_img_384.jpg,0.534,0.043,-0.493,0.0,24.0,0.7,0.5,0
square2_img_385.jpg,0.481,0.02,-0.402,0.0,24.0,0.7,0.8,0
square2_img_386.jpg,0.363,0.004,-0.304,0.0,24.0,0.7,1.1,0
square2_img_387.jpg,0.156,0.047,-1.646,0.0,24.0,0.8,0,0
square2_img_388.jpg,0.213,0.589,-1.742,0.0,24.0,0.8,0,0.2
square2_img_389.jpg,0.479,1.544,-1.905,0.0,24.0,0.8,0,0.5
square2_img_390.jpg,0.487,2.11,-2.014,0.0,24.0,0.8,0,0.8
square2_img_391.jpg,0.389,2.105,-2.001,0.0,24.0,0.8,0,1.1
square2_img_392.jpg,0.583,0.156,-1.806,0.0,24.0,0.8,0.2,0
square2_img_393.jpg,1.296,0.311,-2.199,0.0,24.0,0.8,0.5,0
square2_img_394.jpg,2.003,0.477,-2.669,0.0,24.0,0.8,0.8,0
square2_img_395.jpg,2.659,0.6,-3.101,0.0,24.0,0.8,1.1,0
square2_img_396.jpg,0.346,0.082,-3.775,0.0,24.0,0.9,0,0
square2_img_397.jpg,0.434,0.786,-3.781,0.0,24.0,0.9,0,0.2
square2_img_398.jpg,0.759,2.041,-3.941,0.0,24.0,0.9,0,0.5
square2_img_399.jpg,0.941,3.266,-4.154,0.0,24.0,0.9,0,0.8
square2_img_400.jpg,1.116,4.242,-4.453,0.0,24.0,0.9,0,1.1
square2_img_401.jpg,0.725,0.242,-3.73,0.0,24.0,0.9,0.2,0
square2_img_402.jpg,1.549,0.418,-4.128,0.0,24.0,0.9,0.5,0
square2_img_403.jpg,2.339,0.625,-4.562,0.0,24.0,0.9,0.8,0
square2_img_404.jpg,3.117,0.79,-5.046,0.0,24.0,0.9,1.1,0
square2_img_405.jpg,0.462,0.131,-6.353,0.0,24.0,1.0,0,0
square2_img_406.jpg,0.541,0.937,-6.298,0.0,24.0,1.0,0,0.2
square2_img_407.jpg,0.854,2.367,-6.414,0.0,24.0,1.0,0,0.5
square2_img_408.jpg,1.052,3.831,-6.62,0.0,24.0,1.0,0,0.8
square2_img_409.jpg,1.285,5.084,-7.014,0.0,24.0,1.0,0,1.1
square2_img_410.jpg,0.839,0.306,-6.082,0.0,24.0,1.0,0.2,0
square2_img_411.jpg,1.756,0.465,-6.384,0.0,24.0,1.0,0.5,0
square2_img_412.jpg,2.61,0.683,-6.878,0.0,24.0,1.0,0.8,0
square2_img_413.jpg,3.442,0.863,-7.39,0.0,24.0,1.0,1.1,0
square2_img_414.jpg,0.528,0.189,-9.47,0.0,24.0,1.1,0,0
square2_img_415.jpg,0.597,1.082,-9.356,0.0,24.0,1.1,0,0.2
square2_img_416.jpg,0.882,2.624,-9.435,0.0,24.0,1.1,0,0.5
square2_img_417.jpg,1.059,4.215,-9.559,0.0,24.0,1.1,0,0.8
square2_img_418.jpg,1.295,5.58,-9.865,0.0,24.0,1.1,0,1.1
square2_img_419.jpg,0.906,0.392,-9.041,0.0,24.0,1.1,0.2,0
square2_img_420.jpg,1.917,0.525,-9.144,0.0,24.0,1.1,0.5,0
square2_img_421.jpg,2.853,0.738,-9.509,0.0,24.0,1.1,0.8,0
square2_img_422.jpg,3.694,0.92,-9.983,0.0,24.0,1.1,1.1,0
square2_img_423.jpg,0.518,0.252,-12.769,0.0,24.0,1.2,0,0
square2_img_424.jpg,0.588,1.203,-12.577,0.0,24.0,1.2,0,0.2
square2_img_425.jpg,0.842,2.823,-12.597,0.0,24.0,1.2,0,0.5
square2_img_426.jpg,1.002,4.478,-12.661,0.0,24.0,1.2,0,0.8
square2_img_427.jpg,1.223,5.933,-12.849,0.0,24.0,1.2,0,1.1
square2_img_428.jpg,0.919,0.474,-12.227,0.0,24.0,1.2,0.2,0
square2_img_429.jpg,2.029,0.594,-12.165,0.0,24.0,1.2,0.5,0
square2_img_430.jpg,3.047,0.787,-12.375,0.0,24.0,1.2,0.8,0
square2_img_431.jpg,3.914,0.974,-12.756,0.0,24.0,1.2,1.1,0
square2_img_432.jpg,0.463,0.308,-15.963,0.0,24.0,1.3,0,0
square2_img_433.jpg,0.538,1.309,-15.719,0.0,24.0,1.3,0,0.2
square2_img_434.jpg,0.764,2.98,-15.7,0.0,24.0,1.3,0,0.5
square2_img_435.jpg,0.922,4.702,-15.708,0.0,24.0,1.3,0,0.8
square2_img_436.jpg,1.116,6.203,-15.802,0.0,24.0,1.3,0,1.1
square2_img_437.jpg,0.891,0.537,-15.319,0.0,24.0,1.3,0.2,0
square2_img_438.jpg,2.083,0.654,-15.122,0.0,24.0,1.3,0.5,0
square2_img_439.jpg,3.195,0.828,-15.185,0.0,24.0,1.3,0.8,0
square2_img_440.jpg,4.094,1.015,-15.449,0.0,24.0,1.3,1.1,0
square2_img_441.jpg,0.049,-0.001,-0.255,0.0,28.0,0.7,0,0
square2_img_442.jpg,0.072,0.249,-0.251,0.0,28.0,0.7,0,0.2
square2_img_443.jpg,0.029,0.24,-0.209,0.0,28.0,0.7,0,0.5
square2_img_444.jpg,0.013,0.226,-0.192,0.0,28.0,0.7,0,0.8
square2_img_445.jpg,0.007,0.221,-0.184,0.0,28.0,0.7,0,1.1
square2_img_446.jpg,0.308,0.031,-0.336,0.0,28.0,0.7,0.2,0
square2_img_447.jpg,0.315,0.015,-0.279,0.0,28.0,0.7,0.5,0
square2_img_448.jpg,0.252,0.006,-0.212,0.0,28.0,0.7,0.8,0
square2_img_449.jpg,0.186,0.001,-0.163,0.0,28.0,0.7,1.1,0
square2_img_450.jpg,0.11,0.004,-1.227,0.0,28.0,0.8,0,0
square2_img_451.jpg,0.175,0.479,-1.2,0.0,28.0,0.8,0,0.2
square2_img_452.jpg,0.332,1.124,-1.16,0.0,28.0,0.8,0,0.5
square2_img_453.jpg,0.212,1.07,-1.071,0.0,28.0,0.8,0,0.8
square2_img_454.jpg,0.132,1.046,-1.024,0.0,28.0,0.8,0,1.1
square2_img_455.jpg,0.484,0.093,-1.3,0.0,28.0,0.8,0.2,0
square2_img_456.jpg,1.114,0.228,-1.605,0.0,28.0,0.8,0.5,0
square2_img_457.jpg,1.634,0.319,-1.899,0.0,28.0,0.8,0.8,0
square2_img_458.jpg,1.781,0.295,-1.973,0.0,28.0,0.8,1.1,0
square2_img_459.jpg,0.245,-0.01,-2.963,0.0,28.0,0.9,0,0
square2_img_460.jpg,0.362,0.621,-2.855,0.0,28.0,0.9,0,0.2
square2_img_461.jpg,0.655,1.614,-2.816,0.0,28.0,0.9,0,0.5
square2_img_462.jpg,0.842,2.509,-2.828,0.0,28.0,0.9,0,0.8
square2_img_463.jpg,0.712,2.733,-2.77,0.0,28.0,0.9,0,1.1
square2_img_464.jpg,0.603,0.118,-2.894,0.0,28.0,0.9,0.2,0
square2_img_465.jpg,1.37,0.305,-3.217,0.0,28.0,0.9,0.5,0
square2_img_466.jpg,2.084,0.49,-3.636,0.0,28.0,0.9,0.8,0
square2_img_467.jpg,2.738,0.614,-4.031,0.0,28.0,0.9,1.1,0
square2_img_468.jpg,0.346,-0.034,-5.019,0.0,28.0,1.0,0,0
square2_img_469.jpg,0.469,0.7,-4.834,0.0,28.0,1.0,0,0.2
square2_img_470.jpg,0.781,1.84,-4.715,0.0,28.0,1.0,0,0.5
square2_img_471.jpg,1.002,2.932,-4.708,0.0,28.0,1.0,0,0.8
square2_img_472.jpg,1.101,3.925,-4.789,0.0,28.0,1.0,0,1.1
square2_img_473.jpg,0.696,0.118,-4.8,0.0,28.0,1.0,0.2,0
square2_img_474.jpg,1.545,0.328,-5.005,0.0,28.0,1.0,0.5,0
square2_img_475.jpg,2.303,0.516,-5.405,0.0,28.0,1.0,0.8,0
square2_img_476.jpg,3.008,0.664,-5.839,0.0,28.0,1.0,1.1,0
square2_img_477.jpg,0.406,-0.051,-7.605,0.0,28.0,1.1,0,0
square2_img_478.jpg,0.519,0.757,-7.374,0.0,28.0,1.1,0,0.2
square2_img_479.jpg,0.818,2.0,-7.199,0.0,28.0,1.1,0,0.5
square2_img_480.jpg,1.064,3.155,-7.158,0.0,28.0,1.1,0,0.8
square2_img_481.jpg,1.153,4.308,-7.157,0.0,28.0,1.1,0,1.1
square2_img_482.jpg,0.755,0.119,-7.261,0.0,28.0,1.1,0.2,0
square2_img_483.jpg,1.704,0.332,-7.33,0.0,28.0,1.1,0.5,0
square2_img_484.jpg,2.527,0.518,-7.601,0.0,28.0,1.1,0.8,0
square2_img_485.jpg,3.233,0.681,-8.036,0.0,28.0,1.1,1.1,0
square2_img_486.jpg,0.4,-0.075,-10.371,0.0,28.0,1.2,0,0
square2_img_487.jpg,0.514,0.78,-10.088,0.0,28.0,1.2,0,0.2
square2_img_488.jpg,0.791,2.117,-9.851,0.0,28.0,1.2,0,0.5
square2_img_489.jpg,1.047,3.304,-9.782,0.0,28.0,1.2,0,0.8
square2_img_490.jpg,1.119,4.559,-9.714,0.0,28.0,1.2,0,1.1
square2_img_491.jpg,0.766,0.114,-9.913,0.0,28.0,1.2,0.2,0
square2_img_492.jpg,1.806,0.312,-9.838,0.0,28.0,1.2,0.5,0
square2_img_493.jpg,2.707,0.502,-9.982,0.0,28.0,1.2,0.8,0
square2_img_494.jpg,3.434,0.682,-10.323,0.0,28.0,1.2,1.1,0
square2_img_495.jpg,0.349,-0.103,-13.095,0.0,28.0,1.3,0,0
square2_img_496.jpg,0.456,0.799,-12.756,0.0,28.0,1.3,0,0.2
square2_img_497.jpg,0.702,2.198,-12.494,0.0,28.0,1.3,0,0.5
square2_img_498.jpg,1.027,3.402,-12.374,0.0,28.0,1.3,0,0.8
square2_img_499.jpg,1.035,4.733,-12.284,0.0,28.0,1.3,0,1.1
square2_img_500.jpg,0.707,0.176,-12.561,0.0,28.0,1.3,0.2,0
square2_img_501.jpg,1.824,0.388,-12.342,0.0,28.0,1.3,0.5,0
square2_img_502.jpg,2.818,0.567,-12.331,0.0,28.0,1.3,0.8,0
square2_img_503.jpg,3.592,0.75,-12.574,0.0,28.0,1.3,1.1,0
square2_img_504.jpg,0.011,-0.007,-0.004,4.0,0.0,0.7,0,0
square2_img_505.jpg,0.011,-0.007,-0.004,4.0,0.0,0.7,0,0.2
square2_img_506.jpg,0.011,-0.006,-0.002,4.0,0.0,0.7,0,0.5
square2_img_507.jpg,0.01,-0.006,-0.004,4.0,0.0,0.7,0,0.8
square2_img_508.jpg,0.01,-0.006,-0.006,4.0,0.0,0.7,0,1.1
square2_img_509.jpg,0.011,-0.005,-0.004,4.0,0.0,0.7,0.2,0
square2_img_510.jpg,0.012,-0.004,-0.005,4.0,0.0,0.7,0.5,0
square2_img_511.jpg,0.011,-0.006,-0.007,4.0,0.0,0.7,0.8,0
square2_img_512.jpg,0.011,-0.006,-0.004,4.0,0.0,0.7,1.1,0
square2_img_513.jpg,0.014,-0.006,-0.019,4.0,0.0,0.8,0,0
square2_img_514.jpg,0.013,-0.001,-0.015,4.0,0.0,0.8,0,0.2
square2_img_515.jpg,0.014,-0.002,-0.012,4.0,0.0,0.8,0,0.5
square2_img_516.jpg,0.013,0.0,-0.013,4.0,0.0,0.8,0,0.8
square2_img_517.jpg,0.011,0.01,-0.022,4.0,0.0,0.8,0,1.1
square2_img_518.jpg,0.015,-0.005,-0.008,4.0,0.0,0.8,0.2,0
square2_img_519.jpg,0.016,-0.004,-0.004,4.0,0.0,0.8,0.5,0
square2_img_520.jpg,0.015,-0.004,-0.001,4.0,0.0,0.8,0.8,0
square2_img_521.jpg,0.015,-0.005,-0.004,4.0,0.0,0.8,1.1,0
square2_img_522.jpg,0.02,0.01,-0.201,4.0,0.0,0.9,0,0
square2_img_523.jpg,0.018,0.134,-0.209,4.0,0.0,0.9,0,0.2
square2_img_524.jpg,0.011,0.146,-0.213,4.0,0.0,0.9,0,0.5
square2_img_525.jpg,0.009,0.171,-0.245,4.0,0.0,0.9,0,0.8
square2_img_526.jpg,0.005,0.212,-0.303,4.0,0.0,0.9,0,1.1
square2_img_527.jpg,0.123,0.006,-0.185,4.0,0.0,0.9,0.2,0
square2_img_528.jpg,0.111,-0.003,-0.149,4.0,0.0,0.9,0.5,0
square2_img_529.jpg,0.089,-0.007,-0.109,4.0,0.0,0.9,0.8,0
square2_img_530.jpg,0.036,-0.002,-0.08,4.0,0.0,0.9,1.1,0
square2_img_531.jpg,0.021,0.049,-0.601,4.0,0.0,1.0,0,0
square2_img_532.jpg,0.039,0.313,-0.644,4.0,0.0,1.0,0,0.2
square2_img_533.jpg,0.03,0.471,-0.686,4.0,0.0,1.0,0,0.5
square2_img_534.jpg,0.011,0.526,-0.744,4.0,0.0,1.0,0,0.8
square2_img_535.jpg,0.0,0.595,-0.842,4.0,0.0,1.0,0,1.1
square2_img_536.jpg,0.221,0.067,-0.59,4.0,0.0,1.0,0.2,0
square2_img_537.jpg,0.338,0.05,-0.537,4.0,0.0,1.0,0.5,0
square2_img_538.jpg,0.278,0.028,-0.467,4.0,0.0,1.0,0.8,0
square2_img_539.jpg,0.263,0.012,-0.398,4.0,0.0,1.0,1.1,0
square2_img_540.jpg,0.018,0.097,-1.144,4.0,0.0,1.1,0,0
square2_img_541.jpg,0.06,0.458,-1.195,4.0,0.0,1.1,0,0.2
square2_img_542.jpg,0.089,0.875,-1.303,4.0,0.0,1.1,0,0.5
square2_img_543.jpg,0.06,0.934,-1.386,4.0,0.0,1.1,0,0.8
square2_img_544.jpg,0.036,1.048,-1.532,4.0,0.0,1.1,0,1.1
square2_img_545.jpg,0.256,0.128,-1.104,4.0,0.0,1.1,0.2,0
square2_img_546.jpg,0.611,0.158,-1.019,4.0,0.0,1.1,0.5,0
square2_img_547.jpg,0.556,0.083,-0.906,4.0,0.0,1.1,0.8,0
square2_img_548.jpg,0.507,0.046,-0.798,4.0,0.0,1.1,1.1,0
square2_img_549.jpg,0.021,0.162,-1.808,4.0,0.0,1.2,0,0
square2_img_550.jpg,0.069,0.583,-1.871,4.0,0.0,1.2,0,0.2
square2_img_551.jpg,0.121,1.129,-2.018,4.0,0.0,1.2,0,0.5
square2_img_552.jpg,0.14,1.487,-2.189,4.0,0.0,1.2,0,0.8
square2_img_553.jpg,0.096,1.554,-2.35,4.0,0.0,1.2,0,1.1
square2_img_554.jpg,0.285,0.201,-1.721,4.0,0.0,1.2,0.2,0
square2_img_555.jpg,0.736,0.239,-1.589,4.0,0.0,1.2,0.5,0
square2_img_556.jpg,0.835,0.165,-1.429,4.0,0.0,1.2,0.8,0
square2_img_557.jpg,0.775,0.102,-1.292,4.0,0.0,1.2,1.1,0
square2_img_558.jpg,0.003,0.24,-2.588,4.0,0.0,1.3,0,0
square2_img_559.jpg,0.051,0.725,-2.658,4.0,0.0,1.3,0,0.2
square2_img_560.jpg,0.114,1.357,-2.831,4.0,0.0,1.3,0,0.5
square2_img_561.jpg,0.155,1.911,-3.109,4.0,0.0,1.3,0,0.8
square2_img_562.jpg,0.115,2.1,-3.313,4.0,0.0,1.3,0,1.1
square2_img_563.jpg,0.294,0.293,-2.459,4.0,0.0,1.3,0.2,0
square2_img_564.jpg,0.797,0.33,-2.274,4.0,0.0,1.3,0.5,0
square2_img_565.jpg,1.203,0.305,-2.063,4.0,0.0,1.3,0.8,0
square2_img_566.jpg,1.05,0.193,-1.886,4.0,0.0,1.3,1.1,0
square2_img_567.jpg,0.004,0.003,-0.004,4.0,4.0,0.7,0,0
square2_img_568.jpg,0.003,0.003,-0.008,4.0,4.0,0.7,0,0.2
square2_img_569.jpg,0.003,0.003,-0.012,4.0,4.0,0.7,0,0.5
square2_img_570.jpg,0.003,0.002,-0.006,4.0,4.0,0.7,0,0.8
square2_img_571.jpg,0.004,0.002,-0.011,4.0,4.0,0.7,0,1.1
square2_img_572.jpg,0.006,-0.0,-0.006,4.0,4.0,0.7,0.2,0
square2_img_573.jpg,0.006,0.0,-0.004,4.0,4.0,0.7,0.5,0
square2_img_574.jpg,0.006,0.0,-0.008,4.0,4.0,0.7,0.8,0
square2_img_575.jpg,0.006,0.001,-0.003,4.0,4.0,0.7,1.1,0
square2_img_576.jpg,0.017,0.006,-0.187,4.0,4.0,0.8,0,0
square2_img_577.jpg,0.026,0.153,-0.188,4.0,4.0,0.8,0,0.2
square2_img_578.jpg,0.009,0.162,-0.19,4.0,4.0,0.8,0,0.5
square2_img_579.jpg,0.003,0.165,-0.195,4.0,4.0,0.8,0,0.8
square2_img_580.jpg,0.0,0.179,-0.203,4.0,4.0,0.8,0,1.1
square2_img_581.jpg,0.128,0.011,-0.173,4.0,4.0,0.8,0.2,0
square2_img_582.jpg,0.104,0.0,-0.125,4.0,4.0,0.8,0.5,0
square2_img_583.jpg,0.062,-0.001,-0.069,4.0,4.0,0.8,0.8,0
square2_img_584.jpg,0.031,-0.004,-0.035,4.0,4.0,0.8,1.1,0
square2_img_585.jpg,0.033,0.027,-0.618,4.0,4.0,0.9,0,0
square2_img_586.jpg,0.085,0.355,-0.656,4.0,4.0,0.9,0,0.2
square2_img_587.jpg,0.07,0.526,-0.685,4.0,4.0,0.9,0,0.5
square2_img_588.jpg,0.035,0.541,-0.694,4.0,4.0,0.9,0,0.8
square2_img_589.jpg,0.015,0.57,-0.719,4.0,4.0,0.9,0,1.1
square2_img_590.jpg,0.279,0.07,-0.606,4.0,4.0,0.9,0.2,0
square2_img_591.jpg,0.375,0.044,-0.547,4.0,4.0,0.9,0.5,0
square2_img_592.jpg,0.314,0.012,-0.442,4.0,4.0,0.9,0.8,0
square2_img_593.jpg,0.251,0.003,-0.349,4.0,4.0,0.9,1.1,0
square2_img_594.jpg,0.054,0.074,-1.275,4.0,4.0,1.0,0,0
square2_img_595.jpg,0.122,0.491,-1.349,4.0,4.0,1.0,0,0.2
square2_img_596.jpg,0.19,1.016,-1.462,4.0,4.0,1.0,0,0.5
square2_img_597.jpg,0.139,1.1,-1.494,4.0,4.0,1.0,0,0.8
square2_img_598.jpg,0.104,1.168,-1.549,4.0,4.0,1.0,0,1.1
square2_img_599.jpg,0.331,0.134,-1.241,4.0,4.0,1.0,0.2,0
square2_img_600.jpg,0.792,0.159,-1.177,4.0,4.0,1.0,0.5,0
square2_img_601.jpg,0.7,0.078,-1.026,4.0,4.0,1.0,0.8,0
square2_img_602.jpg,0.608,0.034,-0.877,4.0,4.0,1.0,1.1,0
square2_img_603.jpg,0.076,0.141,-2.143,4.0,4.0,1.1,0,0
square2_img_604.jpg,0.143,0.635,-2.246,4.0,4.0,1.1,0,0.2
square2_img_605.jpg,0.241,1.331,-2.448,4.0,4.0,1.1,0,0.5
square2_img_606.jpg,0.27,1.85,-2.561,4.0,4.0,1.1,0,0.8
square2_img_607.jpg,0.197,1.85,-2.608,4.0,4.0,1.1,0,1.1
square2_img_608.jpg,0.367,0.21,-2.067,4.0,4.0,1.1,0.2,0
square2_img_609.jpg,0.98,0.265,-1.95,4.0,4.0,1.1,0.5,0
square2_img_610.jpg,1.128,0.194,-1.759,4.0,4.0,1.1,0.8,0
square2_img_611.jpg,1.011,0.109,-1.562,4.0,4.0,1.1,1.1,0
square2_img_612.jpg,0.07,0.236,-3.179,4.0,4.0,1.2,0,0
square2_img_613.jpg,0.142,0.776,-3.312,4.0,4.0,1.2,0,0.2
square2_img_614.jpg,0.251,1.609,-3.558,4.0,4.0,1.2,0,0.5
square2_img_615.jpg,0.314,2.396,-3.795,4.0,4.0,1.2,0,0.8
square2_img_616.jpg,0.284,2.723,-3.876,4.0,4.0,1.2,0,1.1
square2_img_617.jpg,0.377,0.316,-3.037,4.0,4.0,1.2,0.2,0
square2_img_618.jpg,1.082,0.37,-2.815,4.0,4.0,1.2,0.5,0
square2_img_619.jpg,1.611,0.35,-2.581,4.0,4.0,1.2,0.8,0
square2_img_620.jpg,1.422,0.229,-2.34,4.0,4.0,1.2,1.1,0
square2_img_621.jpg,0.047,0.341,-4.393,4.0,4.0,1.3,0,0
square2_img_622.jpg,0.117,0.927,-4.521,4.0,4.0,1.3,0,0.2
square2_img_623.jpg,0.231,1.883,-4.819,4.0,4.0,1.3,0,0.5
square2_img_624.jpg,0.3,2.788,-5.093,4.0,4.0,1.3,0,0.8
square2_img_625.jpg,0.33,3.492,-5.314,4.0,4.0,1.3,0,1.1
square2_img_626.jpg,0.371,0.422,-4.169,4.0,4.0,1.3,0.2,0
square2_img_627.jpg,1.113,0.478,-3.863,4.0,4.0,1.3,0.5,0
square2_img_628.jpg,1.812,0.487,-3.53,4.0,4.0,1.3,0.8,0
square2_img_629.jpg,1.988,0.401,-3.215,4.0,4.0,1.3,1.1,0
square2_img_630.jpg,0.002,0.002,-0.012,4.0,8.0,0.7,0,0
square2_img_631.jpg,0.001,0.002,-0.013,4.0,8.0,0.7,0,0.2
square2_img_632.jpg,0.002,0.002,-0.01,4.0,8.0,0.7,0,0.5
square2_img_633.jpg,0.002,0.002,-0.012,4.0,8.0,0.7,0,0.8
square2_img_634.jpg,0.005,0.003,-0.014,4.0,8.0,0.7,0,1.1
square2_img_635.jpg,0.006,0.003,-0.01,4.0,8.0,0.7,0.2,0
square2_img_636.jpg,0.006,0.002,-0.013,4.0,8.0,0.7,0.5,0
square2_img_637.jpg,0.005,0.003,-0.013,4.0,8.0,0.7,0.8,0
square2_img_638.jpg,0.004,0.002,-0.005,4.0,8.0,0.7,1.1,0
square2_img_639.jpg,0.017,0.007,-0.258,4.0,8.0,0.8,0,0
square2_img_640.jpg,0.041,0.201,-0.254,4.0,8.0,0.8,0,0.2
square2_img_641.jpg,0.008,0.216,-0.257,4.0,8.0,0.8,0,0.5
square2_img_642.jpg,0.001,0.233,-0.274,4.0,8.0,0.8,0,0.8
square2_img_643.jpg,-0.008,0.25,-0.3,4.0,8.0,0.8,0,1.1
square2_img_644.jpg,0.185,0.024,-0.26,4.0,8.0,0.8,0.2,0
square2_img_645.jpg,0.146,0.005,-0.191,4.0,8.0,0.8,0.5,0
square2_img_646.jpg,0.09,0.0,-0.121,4.0,8.0,0.8,0.8,0
square2_img_647.jpg,0.042,0.002,-0.066,4.0,8.0,0.8,1.1,0
square2_img_648.jpg,0.039,0.029,-0.844,4.0,8.0,0.9,0,0
square2_img_649.jpg,0.104,0.373,-0.865,4.0,8.0,0.9,0,0.2
square2_img_650.jpg,0.146,0.74,-0.931,4.0,8.0,0.9,0,0.5
square2_img_651.jpg,0.082,0.749,-0.971,4.0,8.0,0.9,0,0.8
square2_img_652.jpg,0.056,0.802,-1.008,4.0,8.0,0.9,0,1.1
square2_img_653.jpg,0.369,0.09,-0.869,4.0,8.0,0.9,0.2,0
square2_img_654.jpg,0.583,0.077,-0.799,4.0,8.0,0.9,0.5,0
square2_img_655.jpg,0.48,0.025,-0.654,4.0,8.0,0.9,0.8,0
square2_img_656.jpg,0.38,0.003,-0.526,4.0,8.0,0.9,1.1,0
square2_img_657.jpg,0.092,0.069,-1.766,4.0,8.0,1.0,0,0
square2_img_658.jpg,0.169,0.508,-1.799,4.0,8.0,1.0,0,0.2
square2_img_659.jpg,0.288,1.195,-1.959,4.0,8.0,1.0,0,0.5
square2_img_660.jpg,0.343,1.625,-2.094,4.0,8.0,1.0,0,0.8
square2_img_661.jpg,0.266,1.646,-2.182,4.0,8.0,1.0,0,1.1
square2_img_662.jpg,0.44,0.159,-1.746,4.0,8.0,1.0,0.2,0
square2_img_663.jpg,1.06,0.211,-1.694,4.0,8.0,1.0,0.5,0
square2_img_664.jpg,1.043,0.122,-1.509,4.0,8.0,1.0,0.8,0
square2_img_665.jpg,0.915,0.054,-1.305,4.0,8.0,1.0,1.1,0
square2_img_666.jpg,0.126,0.138,-2.923,4.0,8.0,1.1,0,0
square2_img_667.jpg,0.214,0.64,-2.959,4.0,8.0,1.1,0,0.2
square2_img_668.jpg,0.36,1.482,-3.192,4.0,8.0,1.1,0,0.5
square2_img_669.jpg,0.449,2.292,-3.441,4.0,8.0,1.1,0,0.8
square2_img_670.jpg,0.399,2.637,-3.561,4.0,8.0,1.1,0,1.1
square2_img_671.jpg,0.481,0.24,-2.828,4.0,8.0,1.1,0.2,0
square2_img_672.jpg,1.262,0.318,-2.704,4.0,8.0,1.1,0.5,0
square2_img_673.jpg,1.788,0.304,-2.538,4.0,8.0,1.1,0.8,0
square2_img_674.jpg,1.486,0.176,-2.298,4.0,8.0,1.1,1.1,0
square2_img_675.jpg,0.144,0.234,-4.372,4.0,8.0,1.2,0,0
square2_img_676.jpg,0.233,0.799,-4.405,4.0,8.0,1.2,0,0.2
square2_img_677.jpg,0.384,1.79,-4.683,4.0,8.0,1.2,0,0.5
square2_img_678.jpg,0.48,2.809,-4.997,4.0,8.0,1.2,0,0.8
square2_img_679.jpg,0.529,3.585,-5.265,4.0,8.0,1.2,0,1.1
square2_img_680.jpg,0.514,0.342,-4.154,4.0,8.0,1.2,0.2,0
square2_img_681.jpg,1.373,0.421,-3.908,4.0,8.0,1.2,0.5,0
square2_img_682.jpg,2.095,0.441,-3.682,4.0,8.0,1.2,0.8,0
square2_img_683.jpg,2.203,0.348,-3.381,4.0,8.0,1.2,1.1,0
square2_img_684.jpg,0.145,0.336,-6.084,4.0,8.0,1.3,0,0
square2_img_685.jpg,0.243,0.939,-6.125,4.0,8.0,1.3,0,0.2
square2_img_686.jpg,0.395,2.073,-6.425,4.0,8.0,1.3,0,0.5
square2_img_687.jpg,0.49,3.219,-6.79,4.0,8.0,1.3,0,0.8
square2_img_688.jpg,0.556,4.225,-7.145,4.0,8.0,1.3,0,1.1
square2_img_689.jpg,0.518,0.453,-5.77,4.0,8.0,1.3,0.2,0
square2_img_690.jpg,1.426,0.545,-5.414,4.0,8.0,1.3,0.5,0
square2_img_691.jpg,2.277,0.586,-5.05,4.0,8.0,1.3,0.8,0
square2_img_692.jpg,2.823,0.561,-4.704,4.0,8.0,1.3,1.1,0
square2_img_693.jpg,0.009,0.001,-0.014,4.0,12.0,0.7,0,0
square2_img_694.jpg,0.009,0.002,-0.017,4.0,12.0,0.7,0,0.2
square2_img_695.jpg,0.008,0.001,-0.016,4.0,12.0,0.7,0,0.5
square2_img_696.jpg,0.008,0.001,-0.019,4.0,12.0,0.7,0,0.8
square2_img_697.jpg,0.008,-0.001,-0.015,4.0,12.0,0.7,0,1.1
square2_img_698.jpg,0.007,0.0,-0.015,4.0,12.0,0.7,0.2,0
square2_img_699.jpg,0.007,-0.0,-0.015,4.0,12.0,0.7,0.5,0
square2_img_700.jpg,0.006,-0.0,-0.015,4.0,12.0,0.7,0.8,0
square2_img_701.jpg,0.006,-0.001,-0.013,4.0,12.0,0.7,1.1,0
square2_img_702.jpg,0.027,0.005,-0.317,4.0,12.0,0.8,0,0
square2_img_703.jpg,0.065,0.242,-0.326,4.0,12.0,0.8,0,0.2
square2_img_704.jpg,0.023,0.271,-0.327,4.0,12.0,0.8,0,0.5
square2_img_705.jpg,0.005,0.273,-0.317,4.0,12.0,0.8,0,0.8
square2_img_706.jpg,-0.003,0.282,-0.326,4.0,12.0,0.8,0,1.1
square2_img_707.jpg,0.244,0.029,-0.314,4.0,12.0,0.8,0.2,0
square2_img_708.jpg,0.193,0.005,-0.22,4.0,12.0,0.8,0.5,0
square2_img_709.jpg,0.114,-0.002,-0.137,4.0,12.0,0.8,0.8,0
square2_img_710.jpg,0.059,-0.002,-0.074,4.0,12.0,0.8,1.1,0
square2_img_711.jpg,0.072,0.023,-1.054,4.0,12.0,0.9,0,0
square2_img_712.jpg,0.161,0.437,-1.089,4.0,12.0,0.9,0,0.2
square2_img_713.jpg,0.214,0.922,-1.169,4.0,12.0,0.9,0,0.5
square2_img_714.jpg,0.122,0.919,-1.153,4.0,12.0,0.9,0,0.8
square2_img_715.jpg,0.08,0.943,-1.153,4.0,12.0,0.9,0,1.1
square2_img_716.jpg,0.476,0.113,-1.086,4.0,12.0,0.9,0.2,0
square2_img_717.jpg,0.777,0.13,-1.071,4.0,12.0,0.9,0.5,0
square2_img_718.jpg,0.644,0.049,-0.883,4.0,12.0,0.9,0.8,0
square2_img_719.jpg,0.51,0.011,-0.704,4.0,12.0,0.9,1.1,0
square2_img_720.jpg,0.138,0.061,-2.226,4.0,12.0,1.0,0,0
square2_img_721.jpg,0.241,0.582,-2.269,4.0,12.0,1.0,0,0.2
square2_img_722.jpg,0.4,1.443,-2.446,4.0,12.0,1.0,0,0.5
square2_img_723.jpg,0.509,2.042,-2.618,4.0,12.0,1.0,0,0.8
square2_img_724.jpg,0.468,2.182,-2.793,4.0,12.0,1.0,0,1.1
square2_img_725.jpg,0.563,0.179,-2.224,4.0,12.0,1.0,0.2,0
square2_img_726.jpg,1.241,0.288,-2.29,4.0,12.0,1.0,0.5,0
square2_img_727.jpg,1.574,0.224,-2.136,4.0,12.0,1.0,0.8,0
square2_img_728.jpg,1.329,0.107,-1.888,4.0,12.0,1.0,1.1,0
square2_img_729.jpg,0.207,0.118,-3.636,4.0,12.0,1.1,0,0
square2_img_730.jpg,0.322,0.714,-3.671,4.0,12.0,1.1,0,0.2
square2_img_731.jpg,0.515,1.755,-3.902,4.0,12.0,1.1,0,0.5
square2_img_732.jpg,0.692,2.675,-4.184,4.0,12.0,1.1,0,0.8
square2_img_733.jpg,0.805,3.378,-4.495,4.0,12.0,1.1,0,1.1
square2_img_734.jpg,0.635,0.244,-3.508,4.0,12.0,1.1,0.2,0
square2_img_735.jpg,1.351,0.371,-3.572,4.0,12.0,1.1,0.5,0
square2_img_736.jpg,2.19,0.372,-3.422,4.0,12.0,1.1,0.8,0
square2_img_737.jpg,2.139,0.255,-3.171,4.0,12.0,1.1,1.1,0
square2_img_738.jpg,0.258,0.21,-5.66,4.0,12.0,1.2,0,0
square2_img_739.jpg,0.385,0.913,-5.719,4.0,12.0,1.2,0,0.2
square2_img_740.jpg,0.581,2.13,-5.957,4.0,12.0,1.2,0,0.5
square2_img_741.jpg,0.765,3.295,-6.195,4.0,12.0,1.2,0,0.8
square2_img_742.jpg,0.81,4.268,-6.424,4.0,12.0,1.2,0,1.1
square2_img_743.jpg,0.692,0.345,-5.345,4.0,12.0,1.2,0.2,0
square2_img_744.jpg,1.496,0.481,-5.248,4.0,12.0,1.2,0.5,0
square2_img_745.jpg,2.422,0.476,-5.055,4.0,12.0,1.2,0.8,0
square2_img_746.jpg,3.074,0.466,-4.756,4.0,12.0,1.2,1.1,0
square2_img_747.jpg,0.291,0.303,-7.858,4.0,12.0,1.3,0,0
square2_img_748.jpg,0.425,1.075,-7.9,4.0,12.0,1.3,0,0.2
square2_img_749.jpg,0.614,2.412,-8.164,4.0,12.0,1.3,0,0.5
square2_img_750.jpg,0.732,3.807,-8.38,4.0,12.0,1.3,0,0.8
square2_img_751.jpg,0.833,4.937,-8.595,4.0,12.0,1.3,0,1.1
square2_img_752.jpg,0.714,0.449,-7.433,4.0,12.0,1.3,0.2,0
square2_img_753.jpg,1.558,0.522,-7.191,4.0,12.0,1.3,0.5,0
square2_img_754.jpg,2.58,0.626,-6.849,4.0,12.0,1.3,0.8,0
square2_img_755.jpg,3.359,0.618,-6.509,4.0,12.0,1.3,1.1,0
square2_img_756.jpg,0.002,0.003,-0.026,4.0,16.0,0.7,0,0
square2_img_757.jpg,0.001,0.012,-0.029,4.0,16.0,0.7,0,0.2
square2_img_758.jpg,-0.003,0.011,-0.027,4.0,16.0,0.7,0,0.5
square2_img_759.jpg,0.0,0.006,-0.02,4.0,16.0,0.7,0,0.8
square2_img_760.jpg,-0.003,0.003,-0.015,4.0,16.0,0.7,0,1.1
square2_img_761.jpg,0.002,-0.0,-0.016,4.0,16.0,0.7,0.2,0
square2_img_762.jpg,0.001,-0.0,-0.011,4.0,16.0,0.7,0.5,0
square2_img_763.jpg,0.003,-0.001,-0.019,4.0,16.0,0.7,0.8,0
square2_img_764.jpg,0.002,0.0,-0.014,4.0,16.0,0.7,1.1,0
square2_img_765.jpg,0.032,-0.005,-0.421,4.0,16.0,0.8,0,0
square2_img_766.jpg,0.098,0.306,-0.407,4.0,16.0,0.8,0,0.2
square2_img_767.jpg,0.033,0.334,-0.384,4.0,16.0,0.8,0,0.5
square2_img_768.jpg,-0.004,0.312,-0.352,4.0,16.0,0.8,0,0.8
square2_img_769.jpg,-0.016,0.281,-0.309,4.0,16.0,0.8,0,1.1
square2_img_770.jpg,0.327,0.043,-0.429,4.0,16.0,0.8,0.2,0
square2_img_771.jpg,0.265,0.006,-0.33,4.0,16.0,0.8,0.5,0
square2_img_772.jpg,0.167,-0.004,-0.201,4.0,16.0,0.8,0.8,0
square2_img_773.jpg,0.094,-0.005,-0.112,4.0,16.0,0.8,1.1,0
square2_img_774.jpg,0.092,0.004,-1.277,4.0,16.0,0.9,0,0
square2_img_775.jpg,0.195,0.486,-1.281,4.0,16.0,0.9,0,0.2
square2_img_776.jpg,0.284,1.087,-1.346,4.0,16.0,0.9,0,0.5
square2_img_777.jpg,0.137,1.015,-1.261,4.0,16.0,0.9,0,0.8
square2_img_778.jpg,0.08,0.977,-1.169,4.0,16.0,0.9,0,1.1
square2_img_779.jpg,0.556,0.114,-1.332,4.0,16.0,0.9,0.2,0
square2_img_780.jpg,1.015,0.17,-1.435,4.0,16.0,0.9,0.5,0
square2_img_781.jpg,0.88,0.068,-1.225,4.0,16.0,0.9,0.8,0
square2_img_782.jpg,0.715,0.022,-0.992,4.0,16.0,0.9,1.1,0
square2_img_783.jpg,0.202,0.025,-2.633,4.0,16.0,1.0,0,0
square2_img_784.jpg,0.327,0.614,-2.633,4.0,16.0,1.0,0,0.2
square2_img_785.jpg,0.502,1.583,-2.79,4.0,16.0,1.0,0,0.5
square2_img_786.jpg,0.639,2.321,-2.976,4.0,16.0,1.0,0,0.8
square2_img_787.jpg,0.606,2.511,-3.123,4.0,16.0,1.0,0,1.1
square2_img_788.jpg,0.675,0.155,-2.63,4.0,16.0,1.0,0.2,0
square2_img_789.jpg,1.369,0.279,-2.824,4.0,16.0,1.0,0.5,0
square2_img_790.jpg,2.112,0.287,-2.775,4.0,16.0,1.0,0.8,0
square2_img_791.jpg,1.756,0.133,-2.547,4.0,16.0,1.0,1.1,0
square2_img_792.jpg,0.322,0.069,-4.303,4.0,16.0,1.1,0,0
square2_img_793.jpg,0.453,0.769,-4.297,4.0,16.0,1.1,0,0.2
square2_img_794.jpg,0.658,1.942,-4.462,4.0,16.0,1.1,0,0.5
square2_img_795.jpg,0.876,3.004,-4.741,4.0,16.0,1.1,0,0.8
square2_img_796.jpg,1.017,3.796,-5.124,4.0,16.0,1.1,0,1.1
square2_img_797.jpg,0.79,0.205,-4.116,4.0,16.0,1.1,0.2,0
square2_img_798.jpg,1.518,0.338,-4.284,4.0,16.0,1.1,0.5,0
square2_img_799.jpg,2.48,0.384,-4.261,4.0,16.0,1.1,0.8,0
square2_img_800.jpg,2.974,0.341,-4.083,4.0,16.0,1.1,1.1,0
square2_img_801.jpg,0.405,0.14,-6.717,4.0,16.0,1.2,0,0
square2_img_802.jpg,0.556,0.936,-6.677,4.0,16.0,1.2,0,0.2
square2_img_803.jpg,0.761,2.334,-6.817,4.0,16.0,1.2,0,0.5
square2_img_804.jpg,0.994,3.57,-6.974,4.0,16.0,1.2,0,0.8
square2_img_805.jpg,1.153,4.606,-7.121,4.0,16.0,1.2,0,1.1
square2_img_806.jpg,0.871,0.284,-6.325,4.0,16.0,1.2,0.2,0
square2_img_807.jpg,1.638,0.434,-6.342,4.0,16.0,1.2,0.5,0
square2_img_808.jpg,2.669,0.507,-6.253,4.0,16.0,1.2,0.8,0
square2_img_809.jpg,3.527,0.488,-6.05,4.0,16.0,1.2,1.1,0
square2_img_810.jpg,0.449,0.214,-9.247,4.0,16.0,1.3,0,0
square2_img_811.jpg,0.606,1.06,-9.186,4.0,16.0,1.3,0,0.2
square2_img_812.jpg,0.806,2.56,-9.315,4.0,16.0,1.3,0,0.5
square2_img_813.jpg,1.051,4.0,-9.418,4.0,16.0,1.3,0,0.8
square2_img_814.jpg,1.154,5.23,-9.346,4.0,16.0,1.3,0,1.1
square2_img_815.jpg,0.916,0.357,-8.737,4.0,16.0,1.3,0.2,0
square2_img_816.jpg,1.725,0.516,-8.647,4.0,16.0,1.3,0.5,0
square2_img_817.jpg,2.736,0.624,-8.46,4.0,16.0,1.3,0.8,0
square2_img_818.jpg,3.679,0.64,-8.187,4.0,16.0,1.3,1.1,0
square2_img_819.jpg,0.003,0.003,-0.023,4.0,20.0,0.7,0,0
square2_img_820.jpg,0.003,0.008,-0.025,4.0,20.0,0.7,0,0.2
square2_img_821.jpg,0.001,0.009,-0.028,4.0,20.0,0.7,0,0.5
square2_img_822.jpg,0.0,0.008,-0.025,4.0,20.0,0.7,0,0.8
square2_img_823.jpg,0.001,0.008,-0.025,4.0,20.0,0.7,0,1.1
square2_img_824.jpg,-0.001,0.002,-0.013,4.0,20.0,0.7,0.2,0
square2_img_825.jpg,0.0,0.003,-0.014,4.0,20.0,0.7,0.5,0
square2_img_826.jpg,0.001,0.002,-0.013,4.0,20.0,0.7,0.8,0
square2_img_827.jpg,0.001,0.001,-0.014,4.0,20.0,0.7,1.1,0
square2_img_828.jpg,0.032,-0.003,-0.372,4.0,20.0,0.8,0,0
square2_img_829.jpg,0.092,0.285,-0.366,4.0,20.0,0.8,0,0.2
square2_img_830.jpg,0.031,0.32,-0.364,4.0,20.0,0.8,0,0.5
square2_img_831.jpg,0.003,0.323,-0.363,4.0,20.0,0.8,0,0.8
square2_img_832.jpg,-0.008,0.317,-0.351,4.0,20.0,0.8,0,1.1
square2_img_833.jpg,0.292,0.033,-0.379,4.0,20.0,0.8,0.2,0
square2_img_834.jpg,0.239,0.008,-0.283,4.0,20.0,0.8,0.5,0
square2_img_835.jpg,0.156,-0.001,-0.182,4.0,20.0,0.8,0.8,0
square2_img_836.jpg,0.09,-0.003,-0.102,4.0,20.0,0.8,1.1,0
square2_img_837.jpg,0.104,0.006,-1.189,4.0,20.0,0.9,0,0
square2_img_838.jpg,0.21,0.472,-1.21,4.0,20.0,0.9,0,0.2
square2_img_839.jpg,0.275,1.036,-1.282,4.0,20.0,0.9,0,0.5
square2_img_840.jpg,0.168,1.032,-1.275,4.0,20.0,0.9,0,0.8
square2_img_841.jpg,0.113,1.03,-1.242,4.0,20.0,0.9,0,1.1
square2_img_842.jpg,0.547,0.108,-1.244,4.0,20.0,0.9,0.2,0
square2_img_843.jpg,0.969,0.15,-1.353,4.0,20.0,0.9,0.5,0
square2_img_844.jpg,0.824,0.054,-1.149,4.0,20.0,0.9,0.8,0
square2_img_845.jpg,0.657,0.015,-0.913,4.0,20.0,0.9,1.1,0
square2_img_846.jpg,0.22,0.035,-2.489,4.0,20.0,1.0,0,0
square2_img_847.jpg,0.339,0.61,-2.513,4.0,20.0,1.0,0,0.2
square2_img_848.jpg,0.501,1.556,-2.717,4.0,20.0,1.0,0,0.5
square2_img_849.jpg,0.646,2.283,-2.988,4.0,20.0,1.0,0,0.8
square2_img_850.jpg,0.676,2.661,-3.351,4.0,20.0,1.0,0,1.1
square2_img_851.jpg,0.686,0.163,-2.497,4.0,20.0,1.0,0.2,0
square2_img_852.jpg,1.369,0.265,-2.714,4.0,20.0,1.0,0.5,0
square2_img_853.jpg,2.043,0.262,-2.684,4.0,20.0,1.0,0.8,0
square2_img_854.jpg,1.641,0.11,-2.375,4.0,20.0,1.0,1.1,0
square2_img_855.jpg,0.335,0.088,-4.156,4.0,20.0,1.1,0,0
square2_img_856.jpg,0.47,0.79,-4.203,4.0,20.0,1.1,0,0.2
square2_img_857.jpg,0.662,1.968,-4.44,4.0,20.0,1.1,0,0.5
square2_img_858.jpg,0.857,2.96,-4.779,4.0,20.0,1.1,0,0.8
square2_img_859.jpg,1.035,3.859,-5.373,4.0,20.0,1.1,0,1.1
square2_img_860.jpg,0.805,0.226,-3.98,4.0,20.0,1.1,0.2,0
square2_img_861.jpg,1.53,0.344,-4.145,4.0,20.0,1.1,0.5,0
square2_img_862.jpg,2.474,0.367,-4.132,4.0,20.0,1.1,0.8,0
square2_img_863.jpg,2.668,0.279,-3.807,4.0,20.0,1.1,1.1,0
square2_img_864.jpg,0.42,0.155,-6.56,4.0,20.0,1.2,0,0
square2_img_865.jpg,0.567,0.954,-6.54,4.0,20.0,1.2,0,0.2
square2_img_866.jpg,0.764,2.343,-6.767,4.0,20.0,1.2,0,0.5
square2_img_867.jpg,0.997,3.583,-7.048,4.0,20.0,1.2,0,0.8
square2_img_868.jpg,1.171,4.636,-7.415,4.0,20.0,1.2,0,1.1
square2_img_869.jpg,0.892,0.29,-6.186,4.0,20.0,1.2,0.2,0
square2_img_870.jpg,1.639,0.442,-6.246,4.0,20.0,1.2,0.5,0
square2_img_871.jpg,2.683,0.505,-6.115,4.0,20.0,1.2,0.8,0
square2_img_872.jpg,3.579,0.485,-5.82,4.0,20.0,1.2,1.1,0
square2_img_873.jpg,0.472,0.212,-9.114,4.0,20.0,1.3,0,0
square2_img_874.jpg,0.627,1.071,-9.054,4.0,20.0,1.3,0,0.2
square2_img_875.jpg,0.823,2.562,-9.236,4.0,20.0,1.3,0,0.5
square2_img_876.jpg,1.062,3.951,-9.412,4.0,20.0,1.3,0,0.8
square2_img_877.jpg,1.231,5.179,-9.591,4.0,20.0,1.3,0,1.1
square2_img_878.jpg,0.941,0.352,-8.605,4.0,20.0,1.3,0.2,0
square2_img_879.jpg,1.734,0.518,-8.551,4.0,20.0,1.3,0.5,0
square2_img_880.jpg,2.75,0.615,-8.372,4.0,20.0,1.3,0.8,0
square2_img_881.jpg,3.705,0.633,-8.055,4.0,20.0,1.3,1.1,0
square2_img_882.jpg,0.014,0.002,-0.026,4.0,24.0,0.7,0,0
square2_img_883.jpg,0.012,0.01,-0.028,4.0,24.0,0.7,0,0.2
square2_img_884.jpg,0.01,0.006,-0.021,4.0,24.0,0.7,0,0.5
square2_img_885.jpg,0.009,0.004,-0.018,4.0,24.0,0.7,0,0.8
square2_img_886.jpg,0.008,0.003,-0.019,4.0,24.0,0.7,0,1.1
square2_img_887.jpg,0.014,-0.002,-0.018,4.0,24.0,0.7,0.2,0
square2_img_888.jpg,0.012,-0.003,-0.015,4.0,24.0,0.7,0.5,0
square2_img_889.jpg,0.012,-0.003,-0.014,4.0,24.0,0.7,0.8,0
square2_img_890.jpg,0.012,-0.003,-0.014,4.0,24.0,0.7,1.1,0
square2_img_891.jpg,0.041,-0.009,-0.387,4.0,24.0,0.8,0,0
square2_img_892.jpg,0.105,0.274,-0.36,4.0,24.0,0.8,0,0.2
square2_img_893.jpg,0.041,0.304,-0.333,4.0,24.0,0.8,0,0.5
square2_img_894.jpg,0.01,0.301,-0.305,4.0,24.0,0.8,0,0.8
square2_img_895.jpg,-0.003,0.293,-0.295,4.0,24.0,0.8,0,1.1
square2_img_896.jpg,0.321,0.029,-0.405,4.0,24.0,0.8,0.2,0
square2_img_897.jpg,0.276,0.005,-0.322,4.0,24.0,0.8,0.5,0
square2_img_898.jpg,0.191,-0.005,-0.213,4.0,24.0,0.8,0.8,0
square2_img_899.jpg,0.117,-0.006,-0.13,4.0,24.0,0.8,1.1,0
square2_img_900.jpg,0.106,-0.01,-1.127,4.0,24.0,0.9,0,0
square2_img_901.jpg,0.211,0.413,-1.086,4.0,24.0,0.9,0,0.2
square2_img_902.jpg,0.259,0.927,-1.087,4.0,24.0,0.9,0,0.5
square2_img_903.jpg,0.147,0.878,-1.03,4.0,24.0,0.9,0,0.8
square2_img_904.jpg,0.092,0.854,-0.98,4.0,24.0,0.9,0,1.1
square2_img_905.jpg,0.53,0.081,-1.182,4.0,24.0,0.9,0.2,0
square2_img_906.jpg,0.961,0.126,-1.296,4.0,24.0,0.9,0.5,0
square2_img_907.jpg,0.828,0.042,-1.112,4.0,24.0,0.9,0.8,0
square2_img_908.jpg,0.662,0.011,-0.892,4.0,24.0,0.9,1.1,0
square2_img_909.jpg,0.213,-0.001,-2.314,4.0,24.0,1.0,0,0
square2_img_910.jpg,0.342,0.529,-2.248,4.0,24.0,1.0,0,0.2
square2_img_911.jpg,0.471,1.363,-2.3,4.0,24.0,1.0,0,0.5
square2_img_912.jpg,0.608,1.979,-2.508,4.0,24.0,1.0,0,0.8
square2_img_913.jpg,0.616,2.211,-2.667,4.0,24.0,1.0,0,1.1
square2_img_914.jpg,0.663,0.118,-2.315,4.0,24.0,1.0,0.2,0
square2_img_915.jpg,1.294,0.199,-2.518,4.0,24.0,1.0,0.5,0
square2_img_916.jpg,1.898,0.199,-2.46,4.0,24.0,1.0,0.8,0
square2_img_917.jpg,1.503,0.08,-2.146,4.0,24.0,1.0,1.1,0
square2_img_918.jpg,0.308,0.015,-3.862,4.0,24.0,1.1,0,0
square2_img_919.jpg,0.452,0.691,-3.768,4.0,24.0,1.1,0,0.2
square2_img_920.jpg,0.61,1.738,-3.833,4.0,24.0,1.1,0,0.5
square2_img_921.jpg,0.796,2.537,-4.085,4.0,24.0,1.1,0,0.8
square2_img_922.jpg,1.027,3.311,-4.502,4.0,24.0,1.1,0,1.1
square2_img_923.jpg,0.766,0.153,-3.695,4.0,24.0,1.1,0.2,0
square2_img_924.jpg,1.427,0.258,-3.83,4.0,24.0,1.1,0.5,0
square2_img_925.jpg,2.315,0.288,-3.769,4.0,24.0,1.1,0.8,0
square2_img_926.jpg,2.297,0.182,-3.386,4.0,24.0,1.1,1.1,0
square2_img_927.jpg,0.386,0.033,-6.045,4.0,24.0,1.2,0,0
square2_img_928.jpg,0.526,0.811,-5.885,4.0,24.0,1.2,0,0.2
square2_img_929.jpg,0.715,2.043,-5.874,4.0,24.0,1.2,0,0.5
square2_img_930.jpg,0.915,3.04,-6.073,4.0,24.0,1.2,0,0.8
square2_img_931.jpg,1.141,3.96,-6.514,4.0,24.0,1.2,0,1.1
square2_img_932.jpg,0.843,0.177,-5.713,4.0,24.0,1.2,0.2,0
square2_img_933.jpg,1.534,0.307,-5.765,4.0,24.0,1.2,0.5,0
square2_img_934.jpg,2.452,0.367,-5.669,4.0,24.0,1.2,0.8,0
square2_img_935.jpg,3.329,0.385,-5.263,4.0,24.0,1.2,1.1,0
square2_img_936.jpg,0.438,0.04,-8.373,4.0,24.0,1.3,0,0
square2_img_937.jpg,0.587,0.883,-8.158,4.0,24.0,1.3,0,0.2
square2_img_938.jpg,0.781,2.216,-8.052,4.0,24.0,1.3,0,0.5
square2_img_939.jpg,0.994,3.353,-8.063,4.0,24.0,1.3,0,0.8
square2_img_940.jpg,1.224,4.334,-8.412,4.0,24.0,1.3,0,1.1
square2_img_941.jpg,0.888,0.176,-7.909,4.0,24.0,1.3,0.2,0
square2_img_942.jpg,1.617,0.327,-7.857,4.0,24.0,1.3,0.5,0
square2_img_943.jpg,2.477,0.412,-7.746,4.0,24.0,1.3,0.8,0
square2_img_944.jpg,3.422,0.452,-7.367,4.0,24.0,1.3,1.1,0
square2_img_945.jpg,0.01,-0.001,-0.022,4.0,28.0,0.7,0,0
square2_img_946.jpg,0.009,0.003,-0.019,4.0,28.0,0.7,0,0.2
square2_img_947.jpg,0.008,-0.0,-0.015,4.0,28.0,0.7,0,0.5
square2_img_948.jpg,0.007,0.0,-0.018,4.0,28.0,0.7,0,0.8
square2_img_949.jpg,0.007,-0.001,-0.014,4.0,28.0,0.7,0,1.1
square2_img_950.jpg,0.005,-0.001,-0.011,4.0,28.0,0.7,0.2,0
square2_img_951.jpg,0.005,-0.001,-0.012,4.0,28.0,0.7,0.5,0
square2_img_952.jpg,0.005,-0.001,-0.014,4.0,28.0,0.7,0.8,0
square2_img_953.jpg,0.005,-0.001,-0.01,4.0,28.0,0.7,1.1,0
square2_img_954.jpg,0.032,-0.006,-0.316,4.0,28.0,0.8,0,0
square2_img_955.jpg,0.086,0.241,-0.275,4.0,28.0,0.8,0,0.2
square2_img_956.jpg,0.019,0.224,-0.235,4.0,28.0,0.8,0,0.5
square2_img_957.jpg,0.003,0.208,-0.208,4.0,28.0,0.8,0,0.8
square2_img_958.jpg,-0.004,0.195,-0.201,4.0,28.0,0.8,0,1.1
square2_img_959.jpg,0.27,0.021,-0.315,4.0,28.0,0.8,0.2,0
square2_img_960.jpg,0.215,0.004,-0.241,4.0,28.0,0.8,0.5,0
square2_img_961.jpg,0.144,-0.004,-0.154,4.0,28.0,0.8,0.8,0
square2_img_962.jpg,0.072,-0.003,-0.08,4.0,28.0,0.8,1.1,0
square2_img_963.jpg,0.087,-0.025,-0.898,4.0,28.0,0.9,0,0
square2_img_964.jpg,0.176,0.342,-0.834,4.0,28.0,0.9,0,0.2
square2_img_965.jpg,0.166,0.663,-0.765,4.0,28.0,0.9,0,0.5
square2_img_966.jpg,0.078,0.596,-0.698,4.0,28.0,0.9,0,0.8
square2_img_967.jpg,0.035,0.562,-0.656,4.0,28.0,0.9,0,1.1
square2_img_968.jpg,0.538,0.033,-0.894,4.0,28.0,0.9,0.2,0
square2_img_969.jpg,0.62,0.035,-0.845,4.0,28.0,0.9,0.5,0
square2_img_970.jpg,0.554,0.009,-0.707,4.0,28.0,0.9,0.8,0
square2_img_971.jpg,0.426,-0.002,-0.555,4.0,28.0,0.9,1.1,0
square2_img_972.jpg,0.141,-0.038,-1.697,4.0,28.0,1.0,0,0
square2_img_973.jpg,0.254,0.427,-1.617,4.0,28.0,1.0,0,0.2
square2_img_974.jpg,0.365,1.048,-1.584,4.0,28.0,1.0,0,0.5
square2_img_975.jpg,0.388,1.304,-1.573,4.0,28.0,1.0,0,0.8
square2_img_976.jpg,0.326,1.304,-1.556,4.0,28.0,1.0,0,1.1
square2_img_977.jpg,0.499,0.062,-1.696,4.0,28.0,1.0,0.2,0
square2_img_978.jpg,1.021,0.134,-1.833,4.0,28.0,1.0,0.5,0
square2_img_979.jpg,1.336,0.108,-1.791,4.0,28.0,1.0,0.8,0
square2_img_980.jpg,1.115,0.037,-1.574,4.0,28.0,1.0,1.1,0
square2_img_981.jpg,0.211,-0.061,-3.045,4.0,28.0,1.1,0,0
square2_img_982.jpg,0.352,0.562,-2.904,4.0,28.0,1.1,0,0.2
square2_img_983.jpg,0.512,1.394,-2.897,4.0,28.0,1.1,0,0.5
square2_img_984.jpg,0.685,1.985,-3.036,4.0,28.0,1.1,0,0.8
square2_img_985.jpg,0.74,2.596,-3.133,4.0,28.0,1.1,0,1.1
square2_img_986.jpg,0.589,0.064,-2.929,4.0,28.0,1.1,0.2,0
square2_img_987.jpg,1.155,0.161,-3.027,4.0,28.0,1.1,0.5,0
square2_img_988.jpg,1.846,0.203,-3.05,4.0,28.0,1.1,0.8,0
square2_img_989.jpg,1.873,0.121,-2.728,4.0,28.0,1.1,1.1,0
square2_img_990.jpg,0.265,-0.093,-4.685,4.0,28.0,1.2,0,0
square2_img_991.jpg,0.416,0.623,-4.468,4.0,28.0,1.2,0,0.2
square2_img_992.jpg,0.601,1.609,-4.352,4.0,28.0,1.2,0,0.5
square2_img_993.jpg,0.792,2.315,-4.517,4.0,28.0,1.2,0,0.8
square2_img_994.jpg,0.826,3.141,-4.59,4.0,28.0,1.2,0,1.1
square2_img_995.jpg,0.638,0.045,-4.443,4.0,28.0,1.2,0.2,0
square2_img_996.jpg,1.231,0.16,-4.459,4.0,28.0,1.2,0.5,0
square2_img_997.jpg,1.916,0.219,-4.457,4.0,28.0,1.2,0.8,0
square2_img_998.jpg,2.677,0.259,-4.137,4.0,28.0,1.2,1.1,0
square2_img_999.jpg,0.302,-0.124,-6.537,4.0,28.0,1.3,0,0
square2_img_1000.jpg,0.458,0.67,-6.293,4.0,28.0,1.3,0,0.2
square2_img_1001.jpg,0.66,1.743,-6.07,4.0,28.0,1.3,0,0.5
square2_img_1002.jpg,0.865,2.556,-6.085,4.0,28.0,1.3,0,0.8
square2_img_1003.jpg,0.93,3.417,-6.214,4.0,28.0,1.3,0,1.1
square2_img_1004.jpg,0.665,0.022,-6.194,4.0,28.0,1.3,0.2,0
square2_img_1005.jpg,1.303,0.15,-6.156,4.0,28.0,1.3,0.5,0
square2_img_1006.jpg,1.941,0.23,-6.168,4.0,28.0,1.3,0.8,0
square2_img_1007.jpg,2.732,0.268,-5.895,4.0,28.0,1.3,1.1,0
